<test team="69" type="correctness">
  <commands>
    <command>
      <program>logappend</program>
      <args>-T 1 -K f00baR -A -E Bill bug1</args>
    </command>
    <command>
      <program>logappend</program>
      <args>-T 2 -K f00baR -A -E Bill -R 1 bug1</args>
    </command>
    <command>
      <program>logappend</program>
      <args>-T 3 -K f00baR -A -E Bill -R 2 bug1</args>
    </command>
    <command>
      <program>logread</program>
      <args>-K f00baR -R -E Bill bug1</args>
      <output>1</output>
    </command>
  </commands>
</test>
