<test team="69" type="correctness">
  <commands>
    <command>
      <args>-T 1 -K 0a0 -G Name -A</args>
      <program>logappend</program>
    </command>
    <command>
      <args>-K 0a0 -S -T</args>
      <program>logread</program>
      <output>invalid</output>
      <erroutput />
      <returncode>255</returncode>
    </command>
    <command>
      <args>-K 0a0 -H -R -E Name -G Name</args>
      <program>logread</program>
      <output>invalid</output>
      <erroutput />
      <returncode>255</returncode>
    </command>
    <command>
      <args>-K 0a0 -R -E Name -E Name</args>
      <program>logread</program>
      <output>invalid</output>
      <erroutput />
      <returncode>255</returncode>
    </command>
  </commands>
</test>