<test team="78" type="correctness">
  <commands>
    <command>
      <args>-T 1 -K secret -G Name -A</args>
      <program>logappend</program>
    </command>
    <command>
      <args>-T 2 -K secret -G Name -A</args>
      <program>logappend</program>
      <output>invalid</output>
      <erroutput />
      <returncode>255</returncode>
    </command>
    <command>
      <args>-T 3 -K secret -G Name -A -R 1</args>
      <program>logappend</program>
    </command>
    <command>
      <args>-T 4 -K secret -G Name -A -R 1</args>
      <program>logappend</program>
      <output>invalid</output>
      <erroutput />
      <returncode>255</returncode>
    </command>
  </commands>
</test>