<test team="78" type="correctness">
  <commands>
    <command>
      <args>-T 1 -K UTJVQIVQ -G MAYBELLE -A</args>
      <program>logappend</program>
    </command>
    <command>
      <args>-T 3 -K UTJVQIVQ -E MAYBELLE -A</args>
      <program>logappend</program>
      <output>invalid</output>
      <erroutput />
      <returncode>255</returncode>
    </command>
    <command>
      <args>-K UTJVQIVQ -S</args>
      <program>logread</program>
      <output>MAYBELLE</output>
      <erroutput />
      <returncode>0</returncode>
    </command>
  </commands>
</test>