<test team="46" type="correctness">
  <commands>
    <command> 
      <program>logappend</program>
      <args>-T 1 -K secret -E GERDA -A log3429402</args>
    </command>
    <command> 
      <program>logappend</program>
      <args>-T 2 -K secret -E GERDA -A -R 1 log3429402</args>
    </command>
    <command> 
      <program>logread</program>
      <args>-K secret -A -U 2 -L 1 log3429402</args>
      <output>invalid</output>
      <returncode>255</returncode>
    </command>
  </commands>
</test>

